-- Generated from PROJEKTY/13_baza_czesci_recykling/data/*.jsonl
BEGIN TRANSACTION;
DELETE FROM recycled_device_submissions;
DELETE FROM recycled_device_evidence;
DELETE FROM recycled_part_aliases;
DELETE FROM recycled_device_aliases;
DELETE FROM recycled_parts;
DELETE FROM recycled_devices;

INSERT INTO recycled_devices (model, brand, description, teardown_url, created_at, device_category, source_url, donor_rank) VALUES ('Old Satellite Receiver', 'Generic', 'Legacy satellite receiver used as a seed donor entry for regulators and common passives.', '', '2026-04-15T00:00:00Z', 'set_top_box', '', 0.45);
INSERT INTO recycled_device_aliases (device_id, alias, alias_type, source, created_at) VALUES ((SELECT id FROM recycled_devices WHERE model = 'Old Satellite Receiver'), 'satellite decoder', 'device_alias', '', '2026-04-15T00:00:00Z');
INSERT INTO recycled_device_aliases (device_id, alias, alias_type, source, created_at) VALUES ((SELECT id FROM recycled_devices WHERE model = 'Old Satellite Receiver'), 'old stb', 'device_alias', '', '2026-04-15T00:00:00Z');
INSERT INTO recycled_device_aliases (device_id, alias, alias_type, source, created_at) VALUES ((SELECT id FROM recycled_devices WHERE model = 'Old Satellite Receiver'), 'sat receiver', 'device_alias', '', '2026-04-15T00:00:00Z');

INSERT INTO recycled_devices (model, brand, description, teardown_url, created_at, device_category, source_url, donor_rank) VALUES ('TL-WR740N', 'TP-Link', 'Low-cost Wi-Fi router with reusable passives and common networking support parts.', 'https://openwrt.org/toh/tp-link/tl-wr740n', '2026-04-15T00:00:00Z', 'router', 'https://openwrt.org/toh/tp-link/tl-wr740n', 0.72);
INSERT INTO recycled_device_aliases (device_id, alias, alias_type, source, created_at) VALUES ((SELECT id FROM recycled_devices WHERE model = 'TL-WR740N'), 'WR740N', 'device_alias', 'https://openwrt.org/toh/tp-link/tl-wr740n', '2026-04-15T00:00:00Z');
INSERT INTO recycled_device_aliases (device_id, alias, alias_type, source, created_at) VALUES ((SELECT id FROM recycled_devices WHERE model = 'TL-WR740N'), 'TL WR740N', 'device_alias', 'https://openwrt.org/toh/tp-link/tl-wr740n', '2026-04-15T00:00:00Z');
INSERT INTO recycled_device_aliases (device_id, alias, alias_type, source, created_at) VALUES ((SELECT id FROM recycled_devices WHERE model = 'TL-WR740N'), 'TP Link WR740N', 'device_alias', 'https://openwrt.org/toh/tp-link/tl-wr740n', '2026-04-15T00:00:00Z');

INSERT INTO recycled_devices (model, brand, description, teardown_url, created_at, device_category, source_url, donor_rank) VALUES ('Basic', 'Sonoff', 'Popular Wi-Fi relay board and reliable seed donor for ESP8266-based reuse workflows.', 'https://tasmota.github.io/docs/devices/Sonoff-Basic/', '2026-04-15T00:00:00Z', 'smart_switch', 'https://tasmota.github.io/docs/devices/Sonoff-Basic/', 0.88);
INSERT INTO recycled_device_aliases (device_id, alias, alias_type, source, created_at) VALUES ((SELECT id FROM recycled_devices WHERE model = 'Basic'), 'Sonoff Basic R1', 'device_alias', 'https://tasmota.github.io/docs/devices/Sonoff-Basic/', '2026-04-15T00:00:00Z');
INSERT INTO recycled_device_aliases (device_id, alias, alias_type, source, created_at) VALUES ((SELECT id FROM recycled_devices WHERE model = 'Basic'), 'Sonoff Basic switch', 'device_alias', 'https://tasmota.github.io/docs/devices/Sonoff-Basic/', '2026-04-15T00:00:00Z');
INSERT INTO recycled_device_aliases (device_id, alias, alias_type, source, created_at) VALUES ((SELECT id FROM recycled_devices WHERE model = 'Basic'), 'ITEAD Sonoff Basic', 'device_alias', 'https://tasmota.github.io/docs/devices/Sonoff-Basic/', '2026-04-15T00:00:00Z');

INSERT INTO recycled_devices (model, brand, description, teardown_url, created_at, device_category, source_url, donor_rank) VALUES ('Uno Clone', 'Arduino Compatible', 'Seed donor entry for DIP AVR microcontrollers and prototyping support parts.', '', '2026-04-15T00:00:00Z', 'development_board', '', 0.79);
INSERT INTO recycled_device_aliases (device_id, alias, alias_type, source, created_at) VALUES ((SELECT id FROM recycled_devices WHERE model = 'Uno Clone'), 'Arduino Uno', 'device_alias', '', '2026-04-15T00:00:00Z');
INSERT INTO recycled_device_aliases (device_id, alias, alias_type, source, created_at) VALUES ((SELECT id FROM recycled_devices WHERE model = 'Uno Clone'), 'Uno R3 clone', 'device_alias', '', '2026-04-15T00:00:00Z');
INSERT INTO recycled_device_aliases (device_id, alias, alias_type, source, created_at) VALUES ((SELECT id FROM recycled_devices WHERE model = 'Uno Clone'), 'ATmega328P dev board', 'device_alias', '', '2026-04-15T00:00:00Z');

INSERT INTO recycled_parts (device_id, part_name, species, value, designator, description, created_at, genus, mounting, keywords, kicad_symbol, kicad_footprint, datasheet_url, quantity, source_url, confidence) VALUES ((SELECT id FROM recycled_devices WHERE model = 'Old Satellite Receiver'), '7805', 'IC', '5V', 'U1', 'Standard 5 V linear regulator recovered from legacy consumer electronics.', '2026-04-15T00:00:00Z', 'Power', 'THT', 'voltage regulator, linear regulator, 5v', 'Reference:7805', 'Package_TO_SOT_THT:TO-220-3_Vertical', 'https://www.sparkfun.com/datasheets/Components/LM7805.pdf', 1, '', 0.61);
INSERT INTO recycled_part_aliases (part_id, alias, alias_type, source, created_at) VALUES ((SELECT rp.id FROM recycled_parts rp JOIN recycled_devices rd ON rd.id = rp.device_id WHERE rd.model = 'Old Satellite Receiver' AND rp.part_name = '7805'), 'LM7805', 'part_alias', '', '2026-04-15T00:00:00Z');
INSERT INTO recycled_part_aliases (part_id, alias, alias_type, source, created_at) VALUES ((SELECT rp.id FROM recycled_parts rp JOIN recycled_devices rd ON rd.id = rp.device_id WHERE rd.model = 'Old Satellite Receiver' AND rp.part_name = '7805'), '7805', 'part_alias', '', '2026-04-15T00:00:00Z');

INSERT INTO recycled_parts (device_id, part_name, species, value, designator, description, created_at, genus, mounting, keywords, kicad_symbol, kicad_footprint, datasheet_url, quantity, source_url, confidence) VALUES ((SELECT id FROM recycled_devices WHERE model = 'TL-WR740N'), '100K Resistor', 'Resistor', '100k', 'R12', 'General purpose 100k resistor in 0805 package.', '2026-04-15T00:00:00Z', 'Passive', 'SMD', 'resistor, 0805, passive', 'Device:R', 'Resistor_SMD:R_0805_2012Metric', '', 10, 'https://openwrt.org/toh/tp-link/tl-wr740n', 0.52);
INSERT INTO recycled_part_aliases (part_id, alias, alias_type, source, created_at) VALUES ((SELECT rp.id FROM recycled_parts rp JOIN recycled_devices rd ON rd.id = rp.device_id WHERE rd.model = 'TL-WR740N' AND rp.part_name = '100K Resistor'), '100k resistor', 'part_alias', 'https://openwrt.org/toh/tp-link/tl-wr740n', '2026-04-15T00:00:00Z');
INSERT INTO recycled_part_aliases (part_id, alias, alias_type, source, created_at) VALUES ((SELECT rp.id FROM recycled_parts rp JOIN recycled_devices rd ON rd.id = rp.device_id WHERE rd.model = 'TL-WR740N' AND rp.part_name = '100K Resistor'), 'R 100K', 'part_alias', 'https://openwrt.org/toh/tp-link/tl-wr740n', '2026-04-15T00:00:00Z');
INSERT INTO recycled_part_aliases (part_id, alias, alias_type, source, created_at) VALUES ((SELECT rp.id FROM recycled_parts rp JOIN recycled_devices rd ON rd.id = rp.device_id WHERE rd.model = 'TL-WR740N' AND rp.part_name = '100K Resistor'), '0805 100K', 'part_alias', 'https://openwrt.org/toh/tp-link/tl-wr740n', '2026-04-15T00:00:00Z');

INSERT INTO recycled_parts (device_id, part_name, species, value, designator, description, created_at, genus, mounting, keywords, kicad_symbol, kicad_footprint, datasheet_url, quantity, source_url, confidence) VALUES ((SELECT id FROM recycled_devices WHERE model = 'Basic'), 'ESP8266EX', 'IC', '', 'U1', 'Highly integrated Wi-Fi SoC commonly reused in automation and telemetry prototypes.', '2026-04-15T00:00:00Z', 'MCU', 'SMD', 'wifi, mcu, esp8266, soc', 'MCU_Espressif:ESP8266EX', 'Package_DFN_QFN:QFN-32-1EP_5x5mm_P0.5mm_EP3.3x3.3mm', 'https://www.espressif.com/sites/default/files/documentation/0a-esp8266ex_datasheet_en.pdf', 1, 'https://tasmota.github.io/docs/devices/Sonoff-Basic/', 0.95);
INSERT INTO recycled_part_aliases (part_id, alias, alias_type, source, created_at) VALUES ((SELECT rp.id FROM recycled_parts rp JOIN recycled_devices rd ON rd.id = rp.device_id WHERE rd.model = 'Basic' AND rp.part_name = 'ESP8266EX'), 'ESP8266', 'part_alias', 'https://tasmota.github.io/docs/devices/Sonoff-Basic/', '2026-04-15T00:00:00Z');
INSERT INTO recycled_part_aliases (part_id, alias, alias_type, source, created_at) VALUES ((SELECT rp.id FROM recycled_parts rp JOIN recycled_devices rd ON rd.id = rp.device_id WHERE rd.model = 'Basic' AND rp.part_name = 'ESP8266EX'), 'ESP-8266EX', 'part_alias', 'https://tasmota.github.io/docs/devices/Sonoff-Basic/', '2026-04-15T00:00:00Z');

INSERT INTO recycled_parts (device_id, part_name, species, value, designator, description, created_at, genus, mounting, keywords, kicad_symbol, kicad_footprint, datasheet_url, quantity, source_url, confidence) VALUES ((SELECT id FROM recycled_devices WHERE model = 'Uno Clone'), 'ATmega328P', 'IC', '', 'U1', '8-bit AVR microcontroller frequently reused from Arduino-compatible boards.', '2026-04-15T00:00:00Z', 'MCU', 'THT', 'avr, mcu, dip, atmega', 'MCU_Microchip_ATmega:ATmega328P-PU', 'Package_DIP:DIP-28_W7.62mm', 'https://ww1.microchip.com/downloads/en/DeviceDoc/Atmel-7810-Automotive-Microcontrollers-ATmega328P_Datasheet.pdf', 1, '', 0.93);
INSERT INTO recycled_part_aliases (part_id, alias, alias_type, source, created_at) VALUES ((SELECT rp.id FROM recycled_parts rp JOIN recycled_devices rd ON rd.id = rp.device_id WHERE rd.model = 'Uno Clone' AND rp.part_name = 'ATmega328P'), 'ATMEGA328P-PU', 'part_alias', '', '2026-04-15T00:00:00Z');
INSERT INTO recycled_part_aliases (part_id, alias, alias_type, source, created_at) VALUES ((SELECT rp.id FROM recycled_parts rp JOIN recycled_devices rd ON rd.id = rp.device_id WHERE rd.model = 'Uno Clone' AND rp.part_name = 'ATmega328P'), 'ATmega328P-PU', 'part_alias', '', '2026-04-15T00:00:00Z');

COMMIT;
